id,x_px,y_px,timestamp_s,speed_mph,direction_deg
1,306.5,126.7,0.134,46.7,19.7
1,324.1,133.4,0.269,50.5,20.9
1,346.2,141.7,0.403,54.5,20.6
1,370.9,151.2,0.537,53.5,21.0
1,398.6,162.2,0.672,52.9,21.7
1,430.2,174.9,0.806,50.9,21.7
5,197.5,94.1,0.269,50.2,21.9
5,225.6,105.6,0.672,53.1,21.5
5,236.6,110.1,0.806,53.7,22.5
5,248.7,115.2,0.94,53.7,22.7
5,262.5,120.8,1.075,53.2,22.3
5,277.2,126.8,1.209,50.4,22.1
5,294.4,133.8,1.343,51.9,22.1
5,313.6,141.7,1.478,51.0,22.3
5,334.9,150.8,1.612,51.2,23.3
5,359.4,161.3,1.747,50.4,23.2
7,243.7,69.8,0.134,48.9,193.5
7,238.5,68.6,0.269,54.0,193.4
7,228.4,66.2,0.537,44.9,190.7
7,214.0,63.1,0.94,47.5,190.7
8,84.8,56.0,0.269,54.8,31.6
8,85.9,56.7,0.403,46.0,28.8
8,88.2,57.9,0.672,50.6,31.2
8,90.6,59.8,0.94,53.9,35.0
8,95.1,61.9,1.343,54.5,30.9
8,96.5,62.9,1.478,53.2,35.3
8,98.1,63.9,1.612,49.3,32.6
8,99.9,65.0,1.747,49.9,30.5
8,101.7,66.1,1.881,49.9,31.1
8,107.5,69.0,2.284,45.7,28.9
8,117.8,75.4,2.821,51.0,31.9
8,124.5,78.6,3.09,47.0,26.5
8,128.1,80.6,3.224,50.5,28.4
8,131.8,82.6,3.359,48.7,28.7
8,136.2,85.0,3.493,52.4,28.4
8,140.9,87.4,3.627,49.9,27.2
8,159.2,97.3,4.03,50.0,27.4
8,166.1,101.0,4.165,52.9,28.4
8,173.8,104.8,4.299,49.4,26.1
8,182.1,109.3,4.433,52.5,28.4
8,191.2,114.3,4.568,52.1,28.5
8,201.4,119.5,4.702,49.6,27.4
8,212.9,125.8,4.836,52.4,28.6
8,225.7,132.7,4.971,51.0,28.3
8,240.6,140.7,5.105,51.4,28.2
8,257.4,149.6,5.24,50.0,28.1
10,103.0,54.4,0.806,52.5,21.8
10,108.6,56.0,1.209,52.5,19.0
10,110.6,56.6,1.343,45.3,17.6
10,119.0,59.9,1.881,45.7,17.3
10,129.1,63.0,2.418,47.8,18.3
10,135.0,65.2,2.687,45.8,17.2
10,141.7,67.2,2.956,47.9,17.5
10,149.2,70.2,3.224,52.0,19.3
10,157.1,72.8,3.493,51.4,19.9
10,161.4,74.3,3.627,50.7,19.4
10,172.3,77.9,3.896,52.2,17.6
10,177.8,79.9,4.03,53.0,19.3
10,183.5,81.7,4.165,48.1,18.1
10,189.7,83.8,4.299,49.8,18.5
10,250.2,105.9,6.046,49.7,20.6
10,262.0,110.2,6.18,51.7,20.3
11,114.5,57.8,2.418,48.9,20.2
11,121.4,60.7,2.821,48.6,19.7
11,126.5,62.2,3.09,44.7,17.3
11,132.2,64.0,3.359,50.9,18.2
11,135.2,65.0,3.493,50.7,19.2
11,145.8,68.9,3.896,52.2,20.0
11,154.1,71.7,4.165,47.8,16.9
11,158.5,73.1,4.299,50.6,18.3
11,162.9,74.7,4.433,52.0,19.8
11,167.6,76.4,4.568,52.2,19.9
11,190.3,84.2,5.105,54.4,19.6
11,204.3,89.4,5.374,52.5,19.5
12,100.8,62.2,0.269,48.5,31.9
12,109.7,64.9,0.672,49.9,24.8
12,111.6,66.1,0.806,53.2,31.2
12,115.8,68.7,1.075,46.0,42.2
12,127.1,72.2,1.478,45.7,20.3
12,130.4,73.8,1.612,51.6,25.2
12,133.9,75.3,1.747,46.2,22.9
12,137.9,76.8,1.881,46.7,21.6
12,141.9,78.6,2.015,49.4,23.7
12,146.2,80.6,2.15,50.5,24.5
12,150.5,82.5,2.284,47.3,24.3
12,165.0,89.5,2.687,46.0,23.3
12,168.1,92.3,2.821,50.5,42.3
12,176.4,95.1,2.956,47.5,18.3
12,184.6,98.4,3.09,50.9,21.9
12,192.1,101.8,3.224,48.5,24.6
12,200.3,105.7,3.359,50.4,25.7
15,105.5,55.5,5.105,48.8,18.1
15,109.1,57.0,5.374,47.5,17.8
15,111.1,57.8,5.508,52.3,20.5
15,113.0,58.6,5.643,54.2,23.4
15,115.2,59.3,5.777,47.0,18.5
15,117.5,60.0,5.911,47.0,18.0
15,119.9,60.9,6.046,50.4,19.5
15,126.8,63.9,6.449,47.0,21.9
15,129.4,65.0,6.583,50.5,22.2
15,132.4,66.1,6.717,51.7,20.0
15,135.1,67.1,6.852,44.9,20.4
15,141.7,69.6,7.12,46.0,18.6
15,144.8,71.1,7.255,54.8,24.7
15,148.4,72.6,7.389,53.5,23.2
15,152.1,74.0,7.523,46.3,20.2
15,156.2,75.6,7.658,52.1,22.1
15,160.5,77.4,7.792,50.8,21.9
15,177.0,84.4,8.195,54.0,22.6
15,189.4,89.8,8.464,52.8,22.0
15,203.6,95.7,8.733,48.7,21.7
15,211.6,99.1,8.867,51.6,23.0
15,220.4,102.8,9.001,52.2,22.9
15,230.0,106.6,9.136,48.8,21.6
15,240.8,111.4,9.27,54.0,23.6
15,252.7,116.5,9.404,53.1,23.6
15,304.1,133.6,10.345,47.3,21.1
15,323.2,140.3,10.479,45.3,19.3
17,193.1,57.8,5.374,51.2,195.4
17,163.4,52.7,6.717,45.0,189.8
17,148.0,49.6,7.658,50.4,192.1
18,116.1,67.8,5.24,48.8,21.9
18,119.0,68.9,5.374,45.4,21.4
18,127.9,73.0,5.777,45.7,24.9
18,138.8,77.5,6.18,54.1,26.2
18,147.2,80.7,6.449,45.2,21.5
18,152.0,82.7,6.583,48.4,22.5
18,157.5,84.6,6.717,44.6,19.6
18,162.9,87.2,6.852,53.8,25.3
18,168.9,89.5,6.986,46.2,21.2
18,175.4,92.3,7.12,51.5,23.6
18,182.5,95.2,7.255,47.7,21.8
18,190.1,98.2,7.389,47.8,21.8
18,207.9,104.9,7.658,48.6,21.4
18,218.1,109.0,7.792,48.7,21.5
18,262.3,127.0,8.195,54.0,22.6
18,278.7,133.9,8.329,50.5,22.5
18,296.9,141.5,8.464,49.5,22.8
18,317.3,149.7,8.598,47.0,21.9
18,340.4,159.1,8.733,46.9,22.1
19,114.6,61.8,5.374,49.1,18.8
19,117.2,62.8,5.508,54.1,21.9
19,119.6,63.7,5.643,46.8,20.5
19,128.7,66.9,6.046,53.8,21.5
19,138.8,70.8,6.449,50.7,20.3
19,146.5,74.0,6.717,48.5,21.5
19,150.8,75.6,6.852,51.3,20.8
19,155.4,77.5,6.986,54.6,22.0
19,165.6,81.6,7.255,53.8,22.1
19,171.4,83.8,7.389,51.8,20.7
19,184.0,89.0,7.658,54.5,22.3
19,191.4,92.0,7.792,54.3,21.5
19,232.4,108.1,8.329,52.5,21.8
19,244.1,112.8,8.464,52.5,21.8
19,257.2,118.1,8.598,52.8,22.0
21,66.6,50.7,9.136,46.3,27.0
21,69.5,52.3,9.539,48.4,26.2
21,72.6,53.8,9.942,50.0,33.2
21,78.3,56.8,10.613,54.1,36.0
21,81.2,57.8,10.882,48.7,24.8
21,86.9,60.8,11.419,49.4,26.8
21,88.5,61.7,11.554,51.0,29.0
21,95.7,64.9,12.091,49.6,26.8
21,104.1,69.6,12.629,49.8,31.9
21,106.4,70.8,12.763,46.6,28.4
21,112.1,73.5,13.032,52.9,29.7
21,117.8,76.6,13.3,51.2,30.6
21,124.2,79.7,13.569,44.6,27.2
21,127.9,81.7,13.703,48.0,27.7
21,131.5,83.6,13.838,45.4,28.5
21,135.6,86.0,13.972,50.9,30.4
21,140.5,88.4,14.106,48.1,26.2
21,144.7,90.9,14.241,45.2,29.7
21,150.7,94.0,14.375,53.6,27.7
21,156.9,97.2,14.509,49.8,27.1
21,163.4,100.7,14.644,50.2,28.4
21,170.5,104.2,14.778,47.0,26.8
21,185.6,112.4,15.047,49.5,29.6
21,194.2,117.4,15.181,48.1,29.6
21,204.1,122.7,15.315,46.9,28.4
21,214.7,128.4,15.45,45.4,28.4
21,227.0,135.1,15.584,46.7,28.4
21,240.8,142.6,15.719,46.9,28.6
21,256.3,151.2,15.853,46.3,29.0
21,293.7,171.8,16.122,45.4,29.3
26,77.6,56.8,9.001,50.8,33.1
26,84.6,60.0,9.673,46.0,27.6
26,86.2,60.8,9.807,47.4,27.2
26,87.6,61.7,9.942,51.8,34.0
26,94.9,64.8,10.479,48.9,26.1
26,96.8,65.8,10.613,49.1,29.2
26,101.2,67.8,10.882,47.7,23.7
26,108.1,71.7,11.285,47.2,27.3
26,126.9,81.3,12.091,51.1,29.2
26,131.0,83.4,12.226,48.1,26.7
26,135.3,85.5,12.36,47.8,27.2
26,144.2,90.0,12.629,47.6,29.5
26,155.1,95.3,12.897,50.4,27.9
26,161.0,98.4,13.032,47.8,28.4
26,167.4,101.8,13.166,47.1,27.7
26,174.7,105.7,13.3,49.8,28.1
26,182.8,109.9,13.435,48.0,27.2
26,191.7,114.5,13.569,48.2,27.3
26,201.1,119.4,13.703,46.1,27.5
26,211.6,124.9,13.838,46.5,27.5
26,223.3,131.0,13.972,46.6,27.8
26,236.2,137.8,14.106,45.5,27.8
26,250.8,145.6,14.241,46.2,28.2
28,135.0,69.8,9.539,47.1,22.1
28,147.6,74.7,9.942,52.9,20.6
28,152.1,76.6,10.076,54.8,21.9
28,156.9,78.4,10.21,53.4,21.4
28,167.2,82.8,10.479,53.1,21.6
28,173.0,85.1,10.613,52.2,21.7
28,179.4,87.6,10.748,52.5,21.0
28,186.4,90.3,10.882,52.8,21.3
31,79.1,52.0,11.419,52.6,21.2
31,81.7,53.0,11.688,53.2,24.2
31,86.0,54.7,12.091,52.3,19.1
31,93.7,57.9,12.763,50.1,23.4
31,97.1,59.8,13.032,53.0,30.4
31,105.2,63.0,13.569,50.4,23.5
31,107.4,64.0,13.703,51.0,25.2
31,112.2,65.9,13.972,47.4,22.5
31,118.2,68.9,14.241,52.6,23.3
31,125.3,71.8,14.509,47.0,18.8
31,128.8,73.4,14.644,52.8,23.8
31,132.3,74.9,14.778,48.5,24.1
31,136.4,76.7,14.912,53.9,23.7
31,140.6,78.5,15.047,50.4,23.1
31,145.2,80.6,15.181,53.5,24.4
31,150.3,82.5,15.315,47.9,21.1
31,155.0,84.9,15.45,53.6,26.8
31,160.7,87.4,15.584,51.9,23.6
31,167.1,90.2,15.719,54.5,23.8
31,180.4,96.1,15.987,49.9,23.6
31,196.7,103.9,16.256,53.7,24.3
31,206.2,108.4,16.39,54.6,25.3
31,216.3,112.7,16.525,47.4,23.2
31,227.5,118.0,16.659,52.4,25.3
32,80.9,52.5,13.3,47.1,29.5
32,89.9,56.2,14.241,48.0,23.3
32,105.2,63.0,15.45,49.0,24.4
32,116.2,67.9,16.122,53.1,28.3
32,118.9,69.1,16.256,47.6,24.0
32,127.7,72.5,16.659,51.3,25.0
32,133.9,75.4,16.928,47.5,25.6
32,141.7,78.6,17.196,48.7,22.5
32,154.8,84.6,17.599,46.3,23.5
32,165.0,89.1,17.868,48.8,25.7
32,170.8,91.5,18.002,45.6,22.9
32,177.1,94.4,18.137,48.2,24.1
32,183.9,97.5,18.271,49.0,24.5
32,191.0,100.9,18.405,49.1,25.7
32,198.9,104.3,18.54,45.6,23.4
32,216.7,112.6,18.809,50.8,25.9
32,227.6,117.5,18.943,49.2,24.6
32,239.1,123.0,19.077,48.8,25.4
32,251.9,128.8,19.212,46.0,24.3
32,266.3,135.5,19.346,47.4,25.0
32,282.5,142.9,19.48,46.7,24.7
34,373.2,106.1,15.315,47.2,195.4
34,360.1,102.7,15.45,46.7,194.5
34,337.5,96.5,15.719,48.6,195.4
34,315.2,90.6,15.987,53.8,194.1
34,297.4,86.3,16.256,46.5,193.7
34,289.3,84.0,16.39,54.2,195.7
34,243.9,71.6,17.331,50.8,197.7
34,225.4,67.7,17.734,49.5,193.1
34,217.7,65.6,18.002,45.0,186.0
34,192.3,59.8,18.809,51.8,193.6
34,180.7,57.3,19.212,47.7,190.2
34,155.0,51.8,20.421,47.9,190.0
36,118.0,65.1,16.793,48.7,27.6
36,123.1,67.7,17.062,54.2,24.5
36,125.7,68.9,17.196,48.5,24.3
36,128.0,70.1,17.331,45.9,27.6
36,140.0,75.7,17.868,47.9,26.1
36,150.8,80.6,18.271,51.6,27.3
36,155.1,82.5,18.405,46.8,24.5
36,164.4,86.6,18.674,46.2,23.7
36,169.5,89.2,18.809,50.3,26.4
36,174.9,91.7,18.943,46.0,24.8
36,180.8,94.5,19.077,48.8,25.8
36,187.2,97.4,19.212,45.6,24.2
36,201.7,103.8,19.48,47.3,24.8
36,228.7,115.9,19.883,48.6,25.9
36,239.5,121.2,20.018,49.3,26.6
36,251.3,126.7,20.152,45.1,24.8
36,266.8,133.7,20.286,51.6,24.4
36,282.7,140.9,20.421,46.4,24.3
36,299.7,148.8,20.555,45.2,25.1
37,121.7,60.7,15.987,52.0,17.3
37,130.4,63.8,16.39,48.7,18.7
37,137.3,66.0,16.659,50.2,16.7
37,147.7,69.8,17.062,46.8,19.0
37,151.7,71.1,17.196,47.6,17.7
37,160.3,74.0,17.465,45.6,17.1
37,165.0,75.7,17.599,52.9,19.8
37,175.6,79.5,17.868,53.1,20.0
37,202.4,89.9,18.405,51.6,19.5
37,210.4,92.9,18.54,54.4,20.4
37,218.8,96.0,18.674,51.4,19.9
37,228.1,99.3,18.809,51.9,20.0
37,250.2,107.5,19.077,51.1,19.3
37,262.5,112.2,19.212,54.0,21.0
37,276.4,117.6,19.346,54.6,21.1
37,291.7,123.2,19.48,51.1,20.2
37,327.7,137.8,19.749,50.8,21.4
37,349.3,146.1,19.883,50.6,21.1
37,373.1,156.4,20.018,53.3,23.4
37,400.6,167.3,20.152,48.6,21.7
37,430.3,181.7,20.286,52.3,25.8
42,81.5,57.8,18.54,50.1,41.3
42,85.5,59.9,18.943,48.6,29.3
42,87.0,60.7,19.077,48.6,28.2
42,91.3,63.1,19.48,50.6,35.5
42,96.6,65.8,19.883,46.2,29.5
42,100.6,68.0,20.152,48.6,30.2
42,113.6,74.6,20.824,52.8,30.8
42,116.7,76.4,20.958,53.6,30.4
42,123.2,79.7,21.227,47.9,28.6
42,126.8,81.6,21.361,47.0,27.7
42,130.9,83.5,21.495,45.3,25.9
42,134.8,85.6,21.63,46.0,28.4
42,139.1,87.9,21.764,46.4,28.1
42,144.0,90.3,21.898,45.0,25.9
42,148.8,93.1,22.033,47.9,30.0
42,154.3,96.1,22.167,48.6,28.6
42,160.3,99.2,22.302,45.6,27.1
42,166.7,102.6,22.436,46.7,28.2
42,173.7,106.5,22.57,49.0,29.2
42,181.6,110.8,22.705,47.9,28.3
42,189.9,115.7,22.839,49.6,30.5
42,199.3,120.9,22.973,47.8,29.2
42,209.5,126.5,23.108,45.9,28.7
42,221.2,133.0,23.242,47.1,28.9
42,234.5,140.2,23.376,46.9,28.7
43,105.7,57.6,19.615,45.4,19.8
43,107.7,58.3,19.749,46.8,19.0
43,113.6,61.0,20.152,45.5,21.6
43,118.5,63.1,20.421,52.7,23.1
43,120.8,64.0,20.555,47.9,22.0
43,123.4,65.1,20.689,51.8,22.3
43,126.0,66.1,20.824,45.3,21.0
43,128.9,67.2,20.958,50.3,21.4
43,148.2,74.6,21.764,49.8,21.9
43,152.0,76.3,21.898,49.6,23.2
43,156.3,77.9,22.033,45.8,20.3
43,160.7,79.7,22.167,49.1,22.4
43,165.5,81.6,22.302,49.2,21.7
43,170.8,83.8,22.436,51.3,22.5
43,181.6,88.0,22.705,46.0,21.8
43,187.7,90.5,22.839,48.4,22.2
43,201.2,96.0,23.108,53.0,24.5
43,208.8,99.2,23.242,47.6,22.3
43,217.3,102.3,23.376,44.9,20.7
43,226.5,106.1,23.511,48.1,21.8
43,236.1,110.1,23.645,47.0,22.7
43,247.2,114.6,23.779,48.6,22.4
43,259.4,119.3,23.914,45.8,21.1
43,272.6,124.6,24.048,46.0,21.8
43,287.4,130.6,24.182,46.6,21.9
43,303.8,137.4,24.317,47.2,22.5
45,104.2,62.7,29.153,51.7,22.0
45,106.9,63.7,29.288,52.1,21.0
45,120.3,69.6,29.825,53.4,22.0
45,127.5,72.6,30.094,53.3,20.3
45,140.1,78.2,30.497,48.9,21.5
45,149.5,82.4,30.765,51.4,22.5
45,161.0,87.4,31.034,50.8,23.2
45,181.7,96.8,31.437,53.2,24.2
45,209.7,109.7,31.84,54.2,24.5
45,220.7,114.8,31.974,54.0,24.9
45,233.1,120.5,32.109,53.4,24.7
45,262.7,134.4,32.377,52.1,24.9
45,280.1,142.8,32.512,52.8,25.8
47,77.8,51.4,23.376,52.7,28.2
47,79.1,52.0,23.511,51.0,21.9
47,82.1,53.2,23.779,51.6,21.2
47,82.6,53.7,23.914,49.4,45.9
47,91.1,57.3,24.72,47.0,28.3
47,92.8,57.9,24.854,45.6,21.2
47,96.2,59.1,25.123,52.9,22.5
47,101.8,61.7,25.526,45.5,22.0
47,104.0,62.6,25.66,49.3,23.0
47,110.6,64.9,26.063,48.7,23.9
47,115.5,67.1,26.332,53.1,24.2
47,121.3,69.7,26.601,50.0,24.4
47,127.0,72.3,26.869,54.2,24.1
47,130.6,73.8,27.004,49.2,22.6
47,134.4,75.4,27.138,49.6,22.9
47,138.2,76.9,27.272,45.9,22.0
47,141.9,78.6,27.407,47.6,25.0
47,145.9,80.6,27.541,51.4,26.5
47,150.3,82.5,27.675,46.6,23.4
47,155.2,84.5,27.81,44.9,21.9
47,178.4,94.4,28.347,47.1,24.0
47,185.3,97.5,28.481,49.0,24.4
47,192.7,101.0,28.616,50.1,25.0
47,209.1,108.0,28.884,44.7,23.3
47,218.6,112.7,29.019,52.0,26.5
47,229.0,117.2,29.153,44.7,23.3
47,242.2,123.2,29.288,53.8,24.4
47,255.6,129.4,29.422,48.8,24.8
47,271.8,136.9,29.556,52.7,25.2
48,179.5,86.6,23.779,53.5,22.5
48,185.6,89.2,23.914,52.8,23.4
48,192.1,91.6,24.048,45.3,20.3
48,199.4,94.4,24.182,48.7,21.0
48,215.3,100.8,24.451,54.0,23.9
48,233.3,108.0,24.72,49.8,24.0
48,243.7,112.3,24.854,47.5,22.2
48,255.3,117.0,24.988,47.9,22.1
48,269.8,122.9,25.123,53.9,22.2
48,284.4,129.2,25.257,50.0,23.3
48,299.9,135.6,25.391,45.9,22.5
48,317.2,142.9,25.526,46.0,22.9
49,80.5,49.1,24.585,52.3,20.7
49,93.4,54.3,25.929,51.8,24.2
49,97.7,56.0,26.332,46.3,23.5
49,101.2,57.3,26.601,52.9,20.6
49,113.7,62.0,27.407,45.9,21.7
49,116.0,62.9,27.541,47.1,21.2
49,118.6,63.9,27.675,48.3,19.9
49,121.1,64.9,27.81,48.8,21.5
49,123.6,65.9,27.944,45.4,21.7
49,126.4,67.0,28.078,50.2,22.1
49,129.5,68.1,28.213,46.0,19.5
52,99.2,53.0,43.394,50.2,12.7
52,105.7,55.8,43.931,54.7,28.7
52,109.0,56.9,44.2,48.3,22.3
52,110.6,57.5,44.334,45.8,21.8
52,112.7,58.2,44.469,45.4,17.7
52,119.2,60.9,44.872,47.3,18.4
52,126.4,63.8,45.275,51.7,20.9
52,135.3,66.7,45.678,48.3,17.8
52,141.6,69.3,45.946,53.5,22.2
52,157.1,75.2,46.484,49.7,20.9
52,163.0,76.8,46.618,50.4,15.6
52,166.6,78.7,46.753,53.6,27.7
52,188.7,86.1,47.424,50.8,22.5
57,68.6,47.4,32.646,47.2,22.2
57,76.2,50.7,33.855,51.3,26.5
57,81.0,52.8,34.393,49.2,22.9
57,83.4,53.7,34.661,53.3,22.8
57,87.2,55.6,35.064,53.3,31.5
57,90.2,56.7,35.333,52.8,25.1
57,93.2,57.8,35.602,45.9,26.7
57,96.7,59.2,35.871,47.6,22.8
57,102.1,61.5,36.274,54.1,21.5
57,103.7,62.5,36.408,53.7,32.0
57,112.3,65.9,36.945,51.8,24.1
57,117.7,68.5,37.214,48.0,20.8
57,120.3,69.8,37.348,49.1,25.6
57,126.2,72.1,37.617,46.4,23.4
57,129.6,73.6,37.751,50.8,24.5
57,133.0,75.2,37.886,49.5,24.7
57,149.6,82.8,38.423,50.5,25.0
57,159.5,87.1,38.692,50.5,24.6
57,170.1,92.0,38.96,48.1,24.9
57,183.0,97.8,39.229,53.8,26.7
57,190.1,100.9,39.364,44.6,23.5
57,197.7,104.5,39.498,47.2,25.2
57,206.4,108.2,39.632,45.6,23.4
57,215.9,112.8,39.767,50.2,25.8
57,226.0,117.5,39.901,46.6,24.8
57,237.4,122.7,40.035,46.8,24.8
57,249.7,128.7,40.17,47.2,25.8
57,263.3,135.5,40.304,48.1,26.6
57,278.8,142.9,40.438,46.2,25.6
57,296.3,151.0,40.573,44.6,24.9
57,315.8,160.5,40.707,45.2,25.9
57,337.6,171.5,40.841,44.7,26.6
61,65.6,50.9,33.99,48.3,26.0
61,71.4,53.8,34.661,51.6,26.1
61,80.5,58.6,35.602,52.1,32.0
61,85.5,60.8,36.005,49.1,27.4
61,89.2,62.9,36.274,52.5,31.3
61,91.1,63.8,36.408,46.8,26.4
61,93.2,64.8,36.542,48.1,26.3
61,95.4,66.0,36.677,49.9,26.4
61,97.6,67.1,36.811,48.4,27.4
61,102.7,69.9,37.08,48.2,26.8
61,108.7,72.9,37.348,44.9,23.5
61,115.1,76.4,37.617,51.4,28.0
61,118.8,78.3,37.751,52.1,26.9
61,122.6,80.2,37.886,50.6,27.0
61,132.1,85.5,38.154,51.9,27.2
61,143.1,91.3,38.423,54.4,28.2
61,149.0,94.2,38.557,49.5,26.5
61,155.7,97.4,38.692,50.0,25.4
61,163.2,101.2,38.826,54.2,26.8
61,170.7,105.5,38.96,54.6,29.6
61,189.0,115.4,39.229,52.9,27.9
61,199.8,121.2,39.364,53.0,28.2
61,212.2,127.8,39.498,53.4,28.2
61,226.6,135.4,39.632,54.1,27.9
61,242.6,144.3,39.767,54.1,29.1
61,261.2,154.5,39.901,53.0,28.7
62,106.3,63.8,35.199,44.6,22.9
62,112.9,67.0,35.602,50.0,25.7
62,115.6,68.1,35.736,46.8,22.6
62,130.6,74.5,36.408,53.9,24.6
62,138.1,77.7,36.677,46.6,22.9
62,150.8,83.0,37.08,54.8,27.2
62,160.4,87.4,37.348,53.3,28.0
62,165.9,89.7,37.483,46.1,23.3
62,172.2,92.4,37.617,47.9,22.7
62,178.7,95.3,37.751,49.0,24.1
62,185.4,98.3,37.886,46.2,24.1
62,194.0,102.1,38.02,53.1,23.8
62,203.1,106.1,38.154,51.4,23.8
62,212.8,110.2,38.289,48.3,22.9
62,222.9,115.0,38.423,49.7,25.2
62,234.0,120.0,38.557,47.2,24.3
62,246.7,125.3,38.692,45.7,22.8
62,260.7,131.6,38.826,47.9,24.2
62,276.1,138.6,38.96,47.5,24.6
62,293.2,146.4,39.095,45.9,24.3
62,312.7,155.1,39.229,45.5,24.2
62,334.6,165.4,39.364,45.9,25.1
62,359.6,177.1,39.498,45.0,25.1
63,68.2,50.0,36.542,49.6,20.8
63,85.2,56.6,38.154,45.1,18.1
63,88.6,57.9,38.423,53.9,23.4
63,90.5,58.7,38.557,49.6,22.0
63,92.3,59.5,38.692,50.2,24.2
63,96.1,61.0,38.96,46.0,21.3
63,98.4,61.9,39.095,49.1,21.3
63,100.0,62.9,39.229,54.4,32.1
63,102.2,63.9,39.364,48.6,23.6
63,104.9,65.0,39.498,49.1,21.6
63,107.4,66.0,39.632,46.4,22.1
63,112.9,68.1,39.901,45.0,20.2
63,115.5,69.4,40.035,50.0,26.5
63,118.8,70.8,40.17,52.8,23.6
63,125.3,73.5,40.438,50.6,23.7
63,128.8,74.9,40.573,45.1,22.5
63,132.5,76.7,40.707,53.0,25.6
63,136.7,78.6,40.841,51.9,23.9
63,140.9,80.6,40.976,51.2,25.1
63,145.3,82.7,41.11,50.4,25.8
63,150.1,84.6,41.244,44.6,22.2
63,155.7,87.2,41.379,53.8,24.4
63,161.1,89.5,41.513,46.0,23.8
63,167.3,92.4,41.647,50.8,24.1
63,174.0,95.3,41.782,49.1,24.0
63,180.8,98.9,41.916,54.2,27.5
63,189.0,102.3,42.05,47.9,22.7
63,197.6,106.1,42.185,48.7,23.8
63,207.1,110.6,42.319,52.2,25.6
63,217.8,115.6,42.453,51.5,25.0
63,229.1,120.8,42.588,48.2,24.6
63,242.4,127.0,42.722,51.3,25.1
63,257.0,133.7,42.857,49.0,24.4
63,273.5,141.3,42.991,49.0,24.8
63,292.0,149.7,43.125,47.8,24.5
63,313.2,159.3,43.26,47.1,24.4
63,337.4,171.0,43.394,48.5,25.7
63,365.1,184.1,43.528,46.4,25.3
65,84.1,54.0,36.811,45.8,21.7
65,89.5,56.7,37.348,52.7,23.9
65,92.5,57.9,37.617,47.9,20.2
65,96.0,59.3,37.886,45.0,21.8
65,102.5,62.0,38.289,46.0,17.8
65,104.7,62.9,38.423,48.8,22.7
65,106.8,63.8,38.557,47.5,24.5
65,109.2,64.9,38.692,48.3,23.1
65,111.2,65.8,38.826,45.0,25.6
65,116.4,67.9,39.095,49.9,23.3
65,119.1,69.2,39.229,50.2,24.7
65,121.8,70.5,39.364,49.9,26.9
65,125.4,71.8,39.498,45.6,19.5
65,128.7,73.4,39.632,52.5,25.3
65,132.2,74.8,39.767,46.7,22.8
65,136.3,76.7,39.901,54.7,24.1
65,140.2,78.4,40.035,48.2,23.9
65,144.5,80.4,40.17,52.4,24.8
65,154.2,84.2,40.438,49.5,22.9
65,159.3,86.6,40.573,50.2,24.4
65,165.2,89.2,40.707,52.7,24.5
65,171.4,92.1,40.841,52.3,24.8
65,177.8,95.1,40.976,51.3,25.4
65,185.2,98.1,41.11,46.6,21.9
65,193.2,101.7,41.244,50.1,23.8
65,201.8,105.2,41.379,46.6,22.6
65,211.1,109.6,41.513,51.7,25.2
65,221.7,114.4,41.647,51.0,24.3
65,233.1,119.3,41.782,47.4,23.5
65,245.6,125.1,41.916,49.4,24.8
65,260.3,131.8,42.05,50.5,24.3
65,276.0,138.6,42.185,46.2,23.4
65,294.3,146.9,42.319,49.1,24.5
65,314.2,156.2,42.453,47.4,25.0
65,337.1,166.6,42.588,46.2,24.5
65,363.1,179.2,42.722,46.9,25.8
66,155.4,50.6,39.364,54.1,193.3
66,153.3,50.2,39.498,47.1,190.5
66,145.4,48.9,40.035,51.0,190.9
66,142.2,48.1,40.304,53.6,193.3
66,135.7,46.9,40.841,49.0,192.0
66,126.3,44.8,41.782,48.0,202.8
66,115.1,42.2,42.991,50.2,191.0
67,66.2,49.5,41.244,44.7,27.2
67,67.1,49.9,41.379,50.5,25.7
67,84.2,57.9,43.394,48.1,25.5
67,92.3,61.9,44.066,48.5,24.7
67,94.0,62.8,44.2,47.1,27.9
67,95.9,63.8,44.334,47.7,26.8
67,98.1,64.8,44.469,49.3,24.8
67,100.2,66.0,44.603,50.8,29.2
67,104.8,68.0,44.872,47.9,25.7
67,107.1,69.4,45.006,54.3,31.8
67,109.7,70.8,45.14,49.7,27.1
67,122.1,76.8,45.678,45.9,26.3
67,125.6,78.6,45.812,49.9,27.1
67,129.3,80.5,45.946,49.5,27.5
67,133.4,82.6,46.081,48.6,26.5
67,137.8,84.6,46.215,46.2,25.1
67,142.4,86.7,46.35,44.6,24.5
67,147.4,89.3,46.484,50.4,27.3
67,152.9,92.1,46.618,50.8,27.4
67,158.6,94.9,46.753,46.2,25.7
67,166.1,98.4,46.887,54.2,25.1
67,173.5,102.0,47.021,49.6,25.7
67,181.3,106.0,47.156,50.4,27.0
67,189.9,110.2,47.29,49.0,26.3
67,199.4,114.9,47.424,48.5,26.1
67,209.5,120.2,47.559,49.5,27.9
67,220.8,126.0,47.693,48.7,27.2
67,233.1,132.3,47.827,46.2,26.9
67,247.4,139.4,47.962,47.2,26.6
67,263.8,147.9,48.096,48.4,27.2
67,282.2,157.3,48.23,47.1,27.1
67,303.1,167.8,48.365,45.6,26.8
68,87.6,57.6,42.185,51.7,32.4
68,97.9,62.9,42.991,50.5,28.3
68,101.1,64.7,43.26,45.3,27.5
68,103.3,65.8,43.394,50.8,26.8
68,105.7,66.9,43.528,46.4,24.4
68,108.1,68.0,43.663,46.8,25.4
68,113.2,70.7,43.931,48.1,26.9
68,125.1,77.0,44.469,47.0,29.2
68,128.8,78.7,44.603,47.1,25.1
68,133.0,80.7,44.737,49.4,24.3
68,136.9,82.9,44.872,53.0,30.2
68,146.2,88.0,45.14,53.3,29.4
68,151.3,90.5,45.275,47.9,26.2
68,156.9,93.5,45.409,51.1,27.9
68,162.7,96.7,45.543,50.6,28.6
68,169.4,100.1,45.678,50.1,27.4
68,176.3,104.0,45.812,51.7,29.3
68,184.4,108.3,45.946,51.0,27.7
68,192.7,112.8,46.081,49.0,28.7
68,202.2,118.0,46.215,50.5,28.7
68,212.8,123.5,46.35,48.0,27.5
68,224.7,129.8,46.484,48.5,27.8
68,238.0,137.2,46.618,50.4,29.1
68,253.3,145.7,46.753,50.3,29.1
68,294.5,168.0,47.021,48.8,28.7
68,317.9,181.0,47.156,47.0,29.0
68,345.2,196.2,47.29,45.9,29.0
70,120.0,61.6,46.215,49.4,20.4
70,130.4,65.5,46.753,50.9,20.2
70,140.1,68.8,47.156,48.6,19.5
70,147.3,71.7,47.424,48.8,20.5
70,154.8,74.6,47.693,54.4,24.0
70,162.5,78.1,47.962,47.6,24.6
70,172.8,81.9,48.23,54.4,22.0
70,177.8,83.9,48.365,47.1,21.7
70,183.3,86.2,48.499,52.0,23.2
70,189.5,88.6,48.633,47.7,20.6
70,195.3,91.3,48.768,51.3,25.1
70,202.5,94.1,48.902,49.1,21.2
70,210.2,97.1,49.036,49.2,21.5
70,226.4,104.4,49.305,50.8,24.1
70,236.5,108.4,49.439,49.4,21.8
70,246.9,112.7,49.574,47.2,22.2
70,257.9,117.5,49.708,48.3,23.8
70,270.3,122.9,49.843,48.6,23.6
70,298.6,135.3,50.111,46.7,23.7
71,86.9,55.4,43.931,44.7,25.3
71,88.4,56.1,44.066,53.9,24.7
71,99.2,60.6,44.872,44.9,21.8
71,107.9,64.0,45.409,51.4,23.9
71,110.2,65.1,45.543,49.4,24.4
71,117.9,68.8,45.946,48.4,24.7
71,123.9,71.1,46.215,49.4,21.7
71,127.3,72.6,46.35,50.9,23.7
71,138.2,77.7,46.753,54.5,22.9
71,142.9,79.6,46.887,51.1,21.8
71,147.8,81.4,47.021,46.5,20.6
71,153.1,83.7,47.156,54.3,23.4
71,163.8,89.1,47.424,53.8,27.8
71,170.0,91.7,47.559,48.2,22.8
71,176.4,94.5,47.693,46.6,23.1
71,183.2,97.7,47.827,50.3,25.0
71,190.9,101.2,47.962,50.5,24.6
71,199.6,104.9,48.096,48.9,23.2
71,209.0,109.0,48.23,48.8,23.5
71,218.7,113.2,48.365,45.8,23.2
71,230.1,118.7,48.499,53.8,26.0
71,242.5,124.3,48.633,48.5,24.3
71,256.5,130.6,48.768,49.1,24.3
71,271.8,138.0,48.902,49.7,25.5
71,289.0,145.8,49.036,46.7,24.4
71,308.7,155.0,49.171,48.1,25.2
71,330.5,165.4,49.305,46.4,25.4
71,355.8,177.3,49.439,45.8,25.3
78,88.8,62.0,50.514,54.0,25.5
78,90.6,62.9,50.649,45.8,26.6
78,98.0,67.0,51.186,49.1,29.9
78,106.6,71.2,51.589,51.7,24.9
78,109.7,72.7,51.723,51.9,26.1
78,119.4,77.7,52.126,46.6,25.4
78,123.5,79.6,52.261,50.1,24.7
78,127.6,81.5,52.395,46.9,24.5
78,141.4,89.4,52.798,48.6,26.8
78,154.9,96.1,53.067,52.6,25.6
78,169.5,104.0,53.336,53.9,27.9
78,186.7,113.4,53.604,51.5,28.3
78,197.1,119.0,53.739,52.8,27.9
78,208.2,124.9,53.873,50.3,28.1
78,220.6,131.7,54.007,50.9,28.7
78,234.8,139.3,54.142,50.1,28.2
78,249.7,147.9,54.276,49.1,30.0
78,267.3,157.4,54.41,47.1,28.4
78,286.6,168.5,54.545,46.9,29.8
80,426.5,110.8,52.529,44.6,194.4
80,412.0,107.2,52.664,44.7,193.7
80,398.6,103.6,52.798,48.9,194.9
80,383.8,100.2,52.933,51.4,193.0
80,371.4,97.1,53.067,51.6,194.3
80,359.9,94.5,53.201,45.2,192.4
80,349.0,92.1,53.336,46.4,192.6
80,339.3,89.8,53.47,46.2,193.2
80,320.9,85.5,53.739,49.3,193.4
80,312.4,83.5,53.873,49.7,193.2
80,296.6,80.2,54.142,44.6,191.7
83,89.3,56.5,53.201,50.4,26.4
83,97.6,58.6,53.873,54.4,26.6
83,114.9,64.0,54.948,52.2,28.1
83,123.0,66.0,55.216,53.7,14.0
83,129.6,69.7,55.619,50.4,26.6
83,132.2,71.0,55.754,49.6,27.4
83,135.8,72.4,55.888,49.0,21.2
83,139.1,73.8,56.022,47.5,23.4
83,142.5,75.4,56.157,49.2,24.7
83,146.4,77.1,56.291,48.7,22.7
83,158.7,82.7,56.694,51.7,26.0
83,168.4,87.1,56.963,52.7,26.7
83,174.1,89.5,57.097,47.8,23.1
83,180.0,92.2,57.232,49.4,24.7
83,186.1,95.0,57.366,47.0,24.8
83,193.1,98.4,57.5,52.2,25.6
83,200.6,102.0,57.635,51.0,25.8
83,208.6,105.7,57.769,47.0,24.6
83,226.2,114.1,58.038,46.6,25.4
83,236.6,119.1,58.172,48.2,25.8
83,247.7,124.5,58.306,46.2,25.9
83,259.7,130.6,58.441,47.2,27.1
83,273.4,137.5,58.575,46.8,26.8
83,307.8,155.1,58.844,53.0,27.9
83,328.1,165.7,58.978,46.9,27.6
84,133.9,68.9,54.276,53.4,23.3
84,137.0,70.1,54.41,48.9,22.5
84,150.7,75.0,54.813,46.5,16.8
84,160.5,78.8,55.082,52.2,21.1
84,177.6,85.8,55.485,50.9,20.1
84,184.2,88.5,55.619,54.4,22.0
84,199.2,94.4,55.888,50.4,19.8
84,216.8,101.4,56.157,49.8,20.7
84,226.4,105.2,56.291,50.5,21.8
84,237.4,109.7,56.426,53.2,21.9
84,249.4,114.3,56.56,50.1,21.1
84,262.6,119.5,56.694,50.6,21.6
84,277.3,125.3,56.829,50.1,21.6
84,294.2,132.3,56.963,53.0,22.3
84,312.6,139.7,57.097,49.8,21.9
84,332.0,147.8,57.232,47.3,22.6
100,81.0,58.4,63.68,47.4,29.1
100,82.9,59.2,63.815,47.9,22.3
100,84.6,60.0,63.949,46.2,24.8
100,86.4,60.8,64.083,47.8,24.8
100,90.0,62.8,64.352,46.7,24.5
100,91.8,63.7,64.486,46.1,26.7
100,93.6,64.7,64.621,47.6,29.0
100,95.7,65.8,64.755,51.9,29.1
100,100.2,68.0,65.024,46.4,24.8
100,102.7,69.1,65.158,45.4,24.9
100,105.4,70.6,65.292,53.8,28.7
100,108.1,71.9,65.427,45.4,25.3
100,114.1,75.3,65.695,54.8,30.4
100,120.9,78.6,65.964,47.1,25.5
100,125.0,80.7,66.098,53.3,26.9
100,133.4,85.5,66.367,49.0,27.3
100,138.6,88.2,66.501,54.4,27.6
100,144.0,91.1,66.636,54.7,28.4
100,149.8,94.1,66.77,50.7,27.4
100,156.0,97.2,66.905,49.0,26.5
100,163.3,100.9,67.039,52.6,26.9
100,170.9,104.8,67.173,51.0,27.1
100,179.2,109.2,67.308,51.9,28.2
100,188.2,114.1,67.442,51.6,28.5
100,198.4,119.5,67.576,50.9,27.8
100,209.9,125.6,67.711,50.7,27.7
100,222.5,132.4,67.845,50.5,28.4
100,236.9,140.0,67.979,49.5,27.8
104,139.8,71.3,70.398,53.2,21.5
104,143.4,72.6,70.532,46.4,20.4
104,160.4,78.9,71.069,47.4,20.6
104,165.2,80.9,71.204,53.1,23.2
104,264.9,111.2,74.697,49.6,20.0
110,116.5,61.9,81.28,53.8,19.6
110,122.6,63.9,81.548,45.7,15.8
110,132.9,67.2,81.951,52.9,17.5
110,136.8,68.4,82.086,52.4,17.8
110,141.0,69.8,82.22,54.5,18.2
110,145.1,71.0,82.354,46.2,16.8
110,149.7,72.5,82.489,51.6,17.4
110,154.5,73.9,82.623,49.2,17.2
110,159.6,75.7,82.757,54.6,18.5
110,177.0,81.6,83.16,52.4,18.2
110,183.7,83.7,83.295,50.1,17.3
110,198.6,89.1,83.563,54.6,19.2
110,216.1,95.3,83.832,53.6,19.2
110,225.6,98.6,83.967,52.4,19.2
110,236.4,102.3,84.101,53.5,18.9
110,261.1,111.4,84.37,53.9,19.9
110,275.6,116.6,84.504,53.7,19.5
110,291.5,122.2,84.638,52.7,19.5
110,329.2,136.4,84.907,53.5,20.8
110,351.6,144.7,85.041,51.9,20.3
110,376.4,154.3,85.176,51.7,21.2
111,66.6,47.2,80.474,49.0,18.9
111,67.5,47.5,80.608,46.6,22.0
111,68.3,47.9,80.742,52.6,27.6
111,70.9,48.8,81.145,51.4,21.3
111,77.9,51.8,82.086,51.3,25.2
111,82.7,53.8,82.623,47.0,24.1
111,85.5,54.9,82.892,52.6,28.9
111,88.4,56.1,83.16,49.3,23.6
111,92.8,58.0,83.563,46.1,23.4
111,96.2,59.7,83.832,45.6,24.3
111,101.7,61.9,84.235,52.5,23.5
111,105.9,63.9,84.504,48.0,24.3
111,112.8,66.9,84.907,48.6,22.6
111,115.5,68.1,85.041,48.4,23.5
111,124.2,71.6,85.444,53.0,25.4
111,130.5,74.4,85.713,49.3,24.6
111,138.1,77.5,85.982,48.9,23.1
111,146.2,80.8,86.25,46.7,23.2
111,150.6,82.7,86.385,47.9,23.9
111,155.5,84.7,86.519,44.6,21.9
111,160.6,87.3,86.653,53.9,26.6
111,171.7,92.3,86.922,50.4,25.5
111,178.1,95.1,87.057,46.8,23.6
111,185.4,98.2,87.191,48.3,23.2
111,192.8,101.7,87.325,48.6,24.8
111,201.0,105.4,87.46,49.1,25.0
111,209.5,109.3,87.594,45.9,24.4
111,282.3,143.5,89.34,44.7,25.6
112,78.2,51.9,83.295,52.5,28.0
112,79.6,52.5,83.429,52.2,21.5
112,84.8,54.8,83.967,54.6,26.7
112,87.6,56.1,84.235,51.1,23.5
112,97.5,60.2,85.041,51.8,23.9
112,100.8,61.9,85.31,54.4,30.4
112,102.9,63.0,85.444,54.2,26.2
112,107.1,65.1,85.713,50.3,25.9
112,109.4,66.2,85.847,46.7,24.7
112,122.4,71.4,86.519,48.7,27.6
112,125.5,72.8,86.653,49.7,24.8
112,132.5,75.7,86.922,46.8,22.3
112,136.4,77.4,87.057,50.9,24.5
112,144.1,80.8,87.325,47.1,24.9
112,148.5,82.7,87.46,45.5,23.3
112,172.3,93.2,87.997,50.1,24.0
112,179.3,96.2,88.131,49.0,23.0
112,186.7,99.6,88.266,50.6,24.8
112,194.5,103.1,88.4,48.5,24.4
112,202.7,107.0,88.534,48.7,25.5
112,211.8,111.0,88.669,44.9,23.3
112,222.2,115.6,88.803,48.5,24.2
112,232.9,121.0,88.937,49.2,26.7
112,245.2,126.5,89.072,46.1,24.3
113,74.8,50.3,92.027,47.4,23.0
113,75.8,50.8,92.162,50.4,24.0
113,82.6,53.8,92.968,52.5,27.8
113,94.2,58.5,94.043,44.7,20.6
113,97.9,59.8,94.311,46.7,19.8
113,99.6,60.7,94.446,54.4,29.2
113,101.9,61.7,94.58,53.6,22.5
113,108.3,64.1,94.983,47.3,22.3
113,113.0,66.4,95.252,45.5,22.7
113,128.6,72.9,95.923,49.5,21.8
113,131.4,74.4,96.058,49.4,28.3
113,135.3,76.0,96.192,50.4,23.4
113,139.4,77.6,96.326,44.9,20.8
113,143.5,79.4,96.461,49.4,23.8
113,148.1,81.4,96.595,50.1,23.3
113,152.9,83.4,96.729,46.0,22.1
113,193.7,101.9,97.536,49.2,22.5
113,202.7,105.8,97.67,50.3,23.4
113,212.5,110.4,97.804,53.6,25.3
113,223.2,115.4,97.939,52.0,25.1
113,234.7,120.6,98.073,48.5,24.2
113,247.8,126.8,98.207,51.7,25.6
113,262.5,133.3,98.342,47.8,23.7
113,278.7,140.8,98.476,48.8,24.8
113,296.9,149.2,98.61,47.8,25.0
113,317.5,158.7,98.745,46.9,24.8
118,95.9,54.9,87.057,48.2,18.1
118,101.6,57.1,87.46,50.8,19.3
118,111.1,60.7,87.997,51.0,19.3
118,118.8,63.7,88.4,46.6,19.1
118,121.6,64.7,88.534,50.1,19.8
118,124.5,65.8,88.669,48.5,19.7
118,131.0,67.9,88.937,49.0,19.2
118,138.8,70.9,89.206,53.0,17.8
118,178.2,86.6,90.146,51.9,20.5
118,185.0,89.3,90.281,53.7,21.6
118,192.3,92.2,90.415,52.8,21.3
118,200.1,95.1,90.55,49.4,20.3
118,228.4,106.5,90.953,48.7,20.4
118,252.5,116.5,91.221,53.1,22.5
118,266.2,122.2,91.356,51.9,22.4
118,281.7,128.4,91.49,51.0,21.8
118,299.3,135.6,91.624,51.8,22.3
118,318.8,143.9,91.759,51.6,23.0
120,70.7,52.9,86.788,53.5,30.3
120,76.6,55.9,87.46,50.5,25.9
120,79.6,57.3,87.728,47.9,24.0
120,84.8,59.9,88.131,47.7,22.6
120,90.3,62.9,88.534,47.0,25.4
120,91.9,63.9,88.669,48.8,31.1
120,96.1,65.8,88.937,47.5,24.8
120,98.3,66.9,89.072,45.9,26.0
120,126.9,82.0,90.146,53.5,29.0
120,131.2,84.4,90.281,54.3,29.1
120,141.4,89.7,90.55,51.6,26.4
120,152.7,96.0,90.818,51.1,28.5
120,159.4,99.5,90.953,50.9,27.3
120,166.7,103.4,91.087,52.8,28.3
120,174.9,107.7,91.221,52.6,27.9
120,183.8,112.5,91.356,51.6,27.8
120,193.9,118.1,91.49,54.5,29.1
120,205.1,124.1,91.624,52.5,28.4
120,218.0,131.2,91.759,53.7,28.9
120,232.4,139.1,91.893,52.1,28.6
120,248.9,148.2,92.027,52.2,28.9
120,268.2,158.6,92.162,50.9,28.2
120,290.5,171.0,92.296,51.5,29.2
121,83.1,58.0,87.191,45.7,20.0
121,90.8,61.5,87.728,50.7,21.9
121,98.1,64.4,88.131,46.6,22.2
121,103.4,66.5,88.4,52.0,23.3
121,106.2,67.9,88.534,54.8,25.6
121,109.1,69.1,88.669,47.7,22.7
121,118.6,72.5,89.072,50.9,24.0
121,127.3,76.0,89.34,53.4,19.9
121,137.0,80.0,89.609,50.6,22.5
121,148.5,84.8,89.878,53.1,20.7
121,154.3,87.4,90.012,53.5,23.9
121,159.8,89.7,90.146,44.8,22.6
121,165.8,92.4,90.281,49.4,24.8
121,172.2,95.3,90.415,47.5,23.8
121,179.1,98.2,90.55,45.2,23.0
121,186.3,101.4,90.684,45.2,23.7
121,203.2,108.6,90.953,47.6,24.3
121,209.9,112.8,91.087,44.8,32.2
123,71.8,53.0,88.669,46.4,26.4
123,73.8,54.0,88.937,46.1,26.1
123,79.6,57.7,89.609,54.1,36.4
123,82.1,59.5,89.878,51.8,35.9
123,87.5,61.7,90.281,49.4,24.9
123,91.6,63.7,90.55,45.7,27.8
123,93.4,64.8,90.684,50.4,29.9
123,95.6,65.8,90.818,46.1,25.0
123,99.9,67.8,91.087,46.3,24.9
123,102.4,69.0,91.221,47.7,26.3
123,113.0,74.6,91.759,53.8,29.1
123,119.4,77.7,92.027,48.2,25.6
123,123.0,79.6,92.162,50.6,27.9
123,126.8,81.5,92.296,47.2,27.0
123,131.2,83.6,92.43,48.8,25.5
123,140.2,88.6,92.699,47.3,27.1
123,145.3,91.3,92.833,50.5,28.1
123,151.3,94.3,92.968,49.9,26.1
123,157.3,97.3,93.102,47.9,27.1
123,163.9,100.9,93.236,51.6,28.6
123,171.3,104.9,93.371,51.5,28.4
123,179.2,109.1,93.505,48.6,27.7
123,188.1,113.8,93.639,50.2,28.0
123,198.0,119.1,93.774,50.3,28.0
123,209.0,124.9,93.908,49.5,27.9
123,221.5,131.8,94.043,51.3,28.7
123,235.6,139.4,94.177,50.1,28.4
123,251.8,147.9,94.311,48.9,27.8
123,270.3,158.2,94.446,50.5,29.0
123,291.7,169.9,94.58,49.1,28.7
124,81.3,58.2,88.803,49.8,30.6
124,82.8,59.0,88.937,52.8,28.4
124,86.6,60.9,89.206,50.9,24.1
124,88.6,61.9,89.34,54.5,27.2
124,93.1,64.0,89.609,46.4,22.8
124,100.5,68.0,90.012,45.8,24.4
124,103.0,69.4,90.146,51.6,27.6
124,108.6,71.9,90.415,45.6,24.6
124,114.6,75.5,90.684,54.1,31.5
124,117.9,77.3,90.818,49.5,27.7
124,125.4,80.8,91.087,49.8,25.2
124,134.2,85.6,91.356,50.1,27.8
124,139.0,88.3,91.49,53.2,28.4
124,144.3,91.2,91.624,54.3,29.4
124,150.2,94.2,91.759,50.4,26.7
124,156.8,97.4,91.893,51.1,26.3
124,164.0,101.1,92.027,52.2,27.0
124,171.6,105.1,92.162,51.6,27.5
124,180.1,109.6,92.296,52.5,28.2
124,189.5,114.9,92.43,54.8,29.3
124,200.3,120.8,92.565,54.7,28.8
124,212.0,127.2,92.699,51.7,28.4
124,225.5,134.3,92.833,50.9,27.6
124,241.4,142.8,92.968,53.2,28.2
124,259.0,152.2,93.102,50.7,28.1
130,101.5,67.9,91.759,52.1,27.1
130,106.0,70.4,92.027,47.6,30.8
130,108.7,71.8,92.162,51.9,28.7
130,119.8,77.9,92.699,48.4,28.7
130,123.2,79.7,92.833,48.0,28.3
130,126.5,81.7,92.968,47.8,30.3
130,130.4,83.7,93.102,47.2,27.7
130,134.5,85.8,93.236,45.1,27.3
130,143.4,90.4,93.505,45.6,28.6
130,148.4,93.2,93.639,49.7,29.7
130,154.0,96.2,93.774,48.1,28.2
130,160.1,99.3,93.908,45.2,26.6
130,166.9,103.1,94.043,51.1,29.2
130,174.0,107.0,94.177,48.0,28.8
130,182.1,111.0,94.311,45.2,26.4
130,190.8,115.7,94.446,48.0,28.6
130,200.5,121.2,94.58,49.4,29.2
130,211.3,127.1,94.714,48.5,28.8
130,223.7,133.7,94.849,47.4,28.1
130,237.6,141.4,94.983,48.6,28.9
130,253.4,150.2,95.117,48.8,29.2
130,271.1,160.2,95.252,47.1,29.2
130,291.6,171.7,95.386,47.1,29.5
136,70.4,49.1,96.729,46.3,18.6
136,78.5,54.5,97.939,51.0,33.8
136,79.6,55.1,98.073,46.2,27.5
136,86.2,58.9,98.745,52.7,26.5
136,89.5,60.8,99.013,49.5,27.4
136,91.2,61.8,99.148,53.9,30.4
136,95.1,63.9,99.416,50.9,28.3
136,99.3,65.9,99.685,51.3,27.2
136,106.9,69.9,100.088,51.6,27.6
136,112.9,73.3,100.357,50.1,27.0
136,116.4,75.0,100.491,50.8,25.4
136,119.7,76.8,100.625,53.4,28.6
136,123.3,78.7,100.76,51.3,27.3
136,127.2,80.8,100.894,53.9,28.7
136,141.3,88.5,101.297,49.8,26.1
136,167.0,102.7,101.835,54.6,28.9
136,206.4,124.3,102.372,53.7,28.1
136,219.5,131.5,102.506,54.5,29.0
136,234.6,139.6,102.641,53.5,28.3
136,271.9,160.6,102.909,53.2,29.2
137,126.2,72.7,96.864,48.2,152.9
137,139.4,75.9,97.132,47.5,15.9
137,144.1,77.5,97.267,48.4,19.5
137,170.9,90.1,97.939,53.7,28.4
137,178.0,93.0,98.073,52.0,22.1
137,184.8,96.3,98.207,54.1,26.1
137,192.8,99.9,98.342,53.5,24.3
137,210.8,108.4,98.61,54.1,24.8
137,232.9,118.9,98.879,53.6,25.4
137,277.6,140.8,99.282,50.9,25.4
144,64.9,44.9,99.954,45.3,12.2
144,65.5,45.2,100.088,50.0,28.2
144,67.8,47.1,100.625,46.5,14.1
144,81.6,53.3,102.641,53.0,32.5
144,83.1,53.9,102.775,49.2,21.0
144,92.1,57.8,103.581,48.9,24.6
144,95.4,59.1,103.85,49.0,22.1
144,97.1,60.0,103.984,52.2,25.7
144,99.2,60.8,104.119,50.5,23.2
144,100.9,61.8,104.253,53.6,29.0
144,103.1,62.8,104.387,54.6,25.6
144,112.3,66.8,104.925,51.1,25.5
144,115.1,68.0,105.059,48.2,22.4
144,127.6,73.2,105.596,48.2,22.0
144,131.1,74.7,105.731,48.7,23.5
144,134.6,76.4,105.865,49.7,25.4
144,142.9,79.6,106.134,44.8,22.3
144,147.3,81.7,106.268,51.9,25.1
144,152.0,83.9,106.402,51.8,25.3
144,157.3,86.4,106.537,52.8,24.7
144,162.4,89.1,106.671,53.8,28.0
144,168.6,91.6,106.805,47.1,22.4
144,175.3,94.5,106.94,48.6,23.1
144,182.4,97.9,107.074,54.1,26.0
144,189.9,101.2,107.208,47.3,23.7
144,198.6,105.0,107.343,49.9,23.6
144,207.7,109.3,107.477,50.4,25.2
144,217.9,113.8,107.612,48.7,23.9
144,229.0,119.0,107.746,50.3,25.2
144,241.7,124.8,107.88,49.6,24.4
144,255.6,131.7,108.015,52.1,26.3
144,271.0,138.9,108.149,48.4,25.2
144,288.6,147.0,108.283,47.6,24.7
144,308.4,156.0,108.418,46.2,24.5
144,330.9,166.9,108.552,47.8,25.8
144,356.9,180.0,108.686,48.2,26.7
145,85.7,59.8,99.954,46.8,24.0
145,101.0,67.2,100.894,47.9,26.9
145,106.7,70.0,101.163,47.4,23.0
145,113.1,73.4,101.432,54.4,25.4
145,116.6,75.0,101.566,48.8,23.9
145,124.2,78.7,101.835,51.1,26.2
145,128.3,80.7,101.969,51.7,26.2
145,138.1,85.8,102.238,54.3,26.0
145,143.6,88.5,102.372,53.0,25.9
145,149.1,91.4,102.506,53.4,27.7
145,155.6,94.6,102.641,54.3,26.2
145,162.4,98.1,102.775,54.2,27.4
145,169.9,101.9,102.909,52.9,26.9
145,178.2,106.1,103.044,52.9,26.6
145,187.3,110.8,103.178,54.2,27.6
145,197.2,116.2,103.312,54.3,28.4
145,208.2,122.1,103.447,52.8,28.2
145,220.6,128.6,103.581,51.9,27.7
145,234.5,136.2,103.715,52.6,28.6
145,250.7,144.8,103.85,52.3,28.2
145,268.9,154.7,103.984,51.1,28.4
145,289.4,166.2,104.119,50.7,29.4
145,313.8,179.5,104.253,49.3,28.5
146,49.8,43.9,100.357,44.6,40.2
146,50.4,44.2,100.491,46.9,23.4
146,52.8,45.1,100.894,45.0,19.3
146,54.7,46.1,101.297,50.4,26.0
146,60.2,48.0,102.103,45.3,20.1
146,67.8,50.8,103.044,51.9,26.3
146,68.9,51.2,103.178,44.7,20.9
146,70.2,51.8,103.312,54.4,24.0
146,74.5,52.9,103.715,48.1,20.1
146,77.1,54.0,103.984,49.4,21.4
146,78.6,54.7,104.119,54.7,25.0
146,81.7,55.8,104.387,54.0,24.7
146,85.3,56.9,104.656,52.7,21.7
146,90.8,58.9,105.059,48.0,19.8
146,94.8,60.7,105.328,52.4,20.5
146,99.1,62.0,105.596,45.5,20.9
146,101.2,63.0,105.731,52.5,25.6
146,103.3,64.0,105.865,47.2,24.6
146,116.2,70.6,106.671,48.0,31.7
146,121.8,73.2,106.94,46.0,24.2
146,124.9,74.7,107.074,49.5,26.7
146,128.3,76.4,107.208,49.6,26.2
146,136.0,79.8,107.477,50.8,26.9
146,139.9,81.7,107.612,46.5,25.6
146,144.0,83.7,107.746,46.0,25.8
146,153.9,88.6,108.015,46.6,22.9
146,159.4,91.4,108.149,50.7,26.8
146,165.5,94.1,108.283,46.8,23.9
146,172.2,97.2,108.418,48.9,24.6
146,179.0,100.3,108.552,45.2,24.8
146,186.6,103.9,108.686,48.5,25.4
146,194.9,107.8,108.821,47.8,25.4
146,203.8,111.9,108.955,45.6,24.7
146,213.7,116.8,109.089,48.8,26.0
149,99.2,62.8,102.238,49.6,20.4
149,101.9,63.8,102.372,50.3,20.2
149,104.4,64.9,102.506,49.7,23.1
149,107.1,66.0,102.641,48.5,21.5
149,110.1,67.0,102.775,45.5,19.1
149,115.9,69.8,103.044,49.1,20.7
149,119.5,71.2,103.178,50.7,20.8
149,122.5,72.6,103.312,47.8,24.8
149,135.7,77.7,103.715,50.9,20.8
149,140.1,79.7,103.85,54.0,24.6
149,144.6,81.6,103.984,46.8,22.7
149,149.5,83.7,104.119,50.4,23.9
149,167.4,92.2,104.522,53.8,23.6
149,174.5,95.3,104.656,50.6,22.9
149,182.0,98.4,104.79,48.3,22.7
149,190.5,102.2,104.925,53.0,24.0
149,199.7,106.3,105.059,52.3,24.0
149,209.7,110.6,105.193,50.5,23.5
149,233.8,121.6,105.462,51.9,23.6
149,247.5,128.0,105.596,51.9,25.0
151,64.5,46.0,104.119,49.2,24.5
151,69.4,49.1,105.193,51.2,91.4
151,77.5,54.5,106.537,46.4,26.7
151,78.8,55.2,106.671,50.4,26.1
151,82.2,57.0,107.074,45.2,28.5
151,89.0,60.9,107.746,49.5,22.5
151,92.6,62.9,108.015,49.4,27.5
151,94.3,63.8,108.149,45.0,27.9
151,96.0,64.7,108.283,45.0,28.2
151,98.1,65.8,108.418,48.2,27.4
151,102.3,67.9,108.686,45.7,26.6
151,106.8,70.6,108.955,46.7,27.9
151,117.9,76.5,109.492,46.9,26.5
152,81.2,49.9,107.343,50.1,30.5
152,86.7,51.5,107.88,47.0,19.3
152,92.8,54.1,108.418,45.1,17.6
152,94.6,54.7,108.552,47.7,17.7
152,100.1,56.8,108.955,46.7,18.7
152,110.9,60.7,109.627,50.4,17.6
152,115.7,62.7,109.895,48.1,21.8
152,118.4,63.7,110.03,49.9,19.9
152,121.2,64.8,110.164,51.4,20.7
152,124.3,65.8,110.298,48.5,18.6
152,131.5,68.8,110.567,53.6,20.8
152,139.6,72.0,110.836,50.9,20.4
152,147.6,75.5,111.105,52.3,22.4
152,152.2,77.3,111.239,54.4,21.9
159,105.7,59.6,111.776,54.0,22.5
159,110.0,61.1,112.045,53.8,21.4
159,112.4,62.1,112.179,53.1,21.4
159,114.8,63.0,112.314,49.9,21.7
159,117.1,64.0,112.448,49.2,22.5
159,128.2,68.9,112.985,53.7,23.8
159,134.8,71.9,113.254,52.4,24.8
159,139.3,75.0,113.523,44.9,33.0
159,193.1,92.7,116.478,49.0,20.0
159,201.0,96.0,116.613,54.4,22.5
160,139.2,77.6,111.911,50.6,26.4
160,160.9,73.2,112.582,53.9,345.2
161,83.3,56.3,119.3,46.0,25.5
161,86.5,57.5,119.568,53.8,25.5
161,89.6,58.9,119.837,49.3,28.8
161,91.5,59.7,119.971,52.1,23.7
161,93.3,60.6,120.106,49.3,25.0
161,99.5,62.7,120.509,45.6,22.2
161,101.9,63.7,120.643,53.1,24.2
161,111.4,67.8,121.181,47.0,25.0
161,117.1,70.1,121.449,45.8,23.9
161,120.1,71.5,121.584,50.2,24.4
161,179.0,97.4,124.539,46.3,26.1
161,186.6,100.9,124.674,49.8,24.1
161,194.6,104.7,124.808,50.7,25.8
161,203.2,108.8,124.942,48.7,25.5
161,212.9,113.4,125.077,49.7,25.4
161,223.6,118.4,125.211,48.7,24.9
161,235.4,124.1,125.345,49.3,25.6
161,248.5,130.1,125.48,47.1,24.8
161,263.1,137.4,125.614,49.6,26.5
161,279.9,145.3,125.748,47.8,25.3
161,298.7,154.3,125.883,47.1,25.5
161,320.0,164.9,126.017,47.4,26.5
161,344.1,177.0,126.151,46.3,26.6
161,372.4,191.2,126.286,45.8,26.7
163,82.0,53.9,115.135,50.4,23.5
163,93.2,58.1,115.941,48.6,20.3
163,97.1,59.9,116.21,48.9,24.6
163,99.1,60.7,116.344,46.9,22.0
163,101.3,61.6,116.478,48.3,21.9
163,108.3,64.3,116.881,49.3,21.3
163,113.9,66.8,117.15,51.8,21.1
163,116.8,68.0,117.284,49.3,21.7
163,123.6,71.0,117.553,49.2,20.8
163,130.7,73.9,117.822,45.3,20.6
163,139.8,77.8,118.091,51.7,22.8
163,144.5,79.8,118.225,53.4,23.2
163,149.3,81.9,118.359,53.6,23.8
163,154.9,84.2,118.494,54.3,22.9
163,167.0,89.5,118.762,50.9,22.1
163,181.4,96.0,119.031,54.4,24.1
163,198.5,103.9,119.3,54.2,23.8
163,208.2,107.9,119.434,49.7,22.5
163,219.4,112.7,119.568,53.0,23.1
163,245.3,124.3,119.837,52.6,23.6
163,260.5,131.4,119.971,54.4,25.0
163,277.6,139.1,120.106,51.7,24.1
165,155.7,50.6,117.284,50.1,189.2
165,142.5,48.1,118.091,52.9,191.9
165,140.3,47.7,118.225,53.8,189.7
165,138.0,47.4,118.359,45.7,187.9
165,132.8,46.4,118.762,50.2,190.5
167,82.9,53.7,122.793,53.3,24.5
167,86.0,55.1,123.061,44.8,21.3
167,99.6,61.3,124.136,46.3,22.7
167,106.0,63.9,124.539,54.2,23.8
167,115.8,68.6,125.077,47.9,24.0
167,128.4,73.9,125.614,48.7,25.0
167,131.8,75.6,125.748,51.8,25.9
167,135.7,77.4,125.883,52.2,25.0
167,140.1,79.1,126.017,47.0,21.3
167,148.4,82.9,126.286,50.3,23.5
167,153.3,85.1,126.42,49.1,24.3
167,158.1,87.6,126.554,50.9,26.8
167,164.0,90.3,126.689,51.3,24.6
167,170.2,93.2,126.823,50.8,25.0
167,176.6,96.1,126.957,47.9,24.4
167,191.7,103.3,127.226,47.4,23.7
167,200.4,107.3,127.36,49.6,24.7
167,209.6,111.9,127.495,51.6,26.8
167,220.0,116.7,127.629,47.9,24.4
167,231.3,122.3,127.763,50.4,26.5
167,243.6,128.7,127.898,50.8,27.5
167,257.9,135.5,128.032,48.6,25.6
167,274.0,143.3,128.167,48.3,25.9
167,291.5,152.5,128.301,48.9,27.7
167,314.9,164.3,128.435,53.9,26.7
167,339.7,177.4,128.57,49.9,27.9
167,397.2,207.4,128.838,49.8,27.9
173,98.7,60.7,127.092,53.1,31.1
173,101.4,61.7,127.226,52.5,19.5
173,105.8,63.7,127.495,46.0,22.0
173,111.3,65.9,127.763,47.7,20.4
173,112.8,67.0,127.898,49.1,36.2
173,121.3,70.7,128.301,50.2,21.0
173,129.6,74.1,128.57,53.9,20.7
173,132.8,75.6,128.704,44.7,24.3
173,142.0,79.4,128.973,52.3,24.1
173,146.0,81.4,129.107,50.4,26.5
173,150.8,83.6,129.241,50.4,24.3
173,162.6,88.6,129.51,48.4,22.5
173,169.4,91.4,129.644,53.8,22.9
173,176.2,94.3,129.779,49.8,23.0
173,191.4,101.2,130.047,47.7,21.4
173,200.4,105.2,130.182,51.9,23.8
173,210.2,109.8,130.316,54.6,25.5
173,221.2,114.8,130.45,52.2,24.2
173,232.7,120.3,130.585,52.1,25.7
173,246.1,126.3,130.719,50.2,24.1
173,261.3,133.3,130.853,52.2,24.9
176,107.2,65.1,126.151,46.4,23.4
176,111.9,67.3,126.42,52.7,24.1
176,121.2,71.3,126.823,52.7,28.4
176,124.4,72.8,126.957,49.4,24.6
176,127.8,74.3,127.092,49.9,24.3
176,131.3,75.9,127.226,47.5,23.6
176,135.3,77.7,127.36,52.5,25.1
176,139.4,79.7,127.495,52.1,25.2
176,144.0,81.7,127.629,50.7,23.9
176,148.8,83.8,127.763,48.7,23.6
176,159.7,88.8,128.032,48.3,23.7
176,165.8,91.5,128.167,51.0,24.3
176,172.5,94.6,128.301,51.6,24.2
176,189.1,102.2,128.57,51.7,24.0
184,126.9,67.3,142.81,46.5,22.5
184,130.0,68.5,142.945,50.2,21.9
184,133.8,69.7,143.079,48.1,17.9
184,142.0,72.9,143.348,54.2,20.3
184,156.4,78.5,143.751,54.3,21.1
189,181.3,55.9,133.809,53.0,191.7
189,178.5,55.4,133.943,50.9,191.7
189,159.5,51.4,135.018,46.4,189.9
189,157.3,51.0,135.153,53.8,192.0
189,137.2,47.0,136.765,52.9,193.2
189,133.8,46.1,137.033,50.5,190.1
192,161.9,80.4,133.809,54.0,24.1
192,180.7,87.8,134.212,50.7,20.2
192,196.1,93.7,134.481,53.0,21.0
192,213.6,101.1,134.749,51.7,21.4
192,223.9,105.1,134.884,53.9,21.5
192,280.4,128.5,135.421,52.7,21.6
192,298.1,135.9,135.556,53.2,22.7
192,318.0,144.3,135.69,52.2,22.9
194,98.4,59.8,134.884,45.4,23.2
194,108.3,64.0,135.421,48.2,20.7
194,110.6,65.2,135.556,54.0,26.2
194,113.3,66.3,135.69,52.7,23.4
194,119.5,69.0,135.959,47.8,20.8
194,126.3,72.1,136.227,46.5,19.3
194,137.9,77.4,136.63,51.1,23.1
194,147.5,81.7,136.899,51.4,22.8
194,152.6,83.6,137.033,46.9,21.3
194,178.9,95.5,137.571,52.2,22.7
194,311.1,140.0,139.72,48.5,21.6
195,377.3,105.0,135.824,45.2,196.5
195,340.2,95.4,136.227,49.5,194.5
195,294.0,83.3,136.899,50.0,194.5
195,284.6,81.3,137.033,54.1,192.3
195,243.6,71.6,137.839,51.7,192.9
195,211.9,63.8,138.78,53.5,193.0
195,202.9,61.9,139.049,54.7,190.6
195,191.1,58.7,139.586,54.2,197.0
195,139.5,48.5,142.407,44.8,189.1
196,100.9,57.0,135.421,44.9,13.6
196,109.6,60.2,135.959,53.4,20.7
196,112.2,61.0,136.093,50.1,18.7
196,116.9,62.9,136.362,45.0,20.3
196,119.8,63.9,136.496,51.7,20.0
196,136.7,70.7,137.168,48.4,18.3
196,145.5,74.0,137.436,50.6,20.3
196,150.2,75.6,137.571,51.1,19.1
196,165.8,81.6,137.974,51.1,20.0
196,171.9,83.9,138.108,54.8,20.4
196,201.5,95.8,138.646,53.9,21.2
196,210.8,99.3,138.78,54.8,20.9
196,232.2,107.8,139.049,52.8,20.7
196,258.3,118.2,139.317,54.5,21.5
197,91.7,63.3,138.108,51.3,28.6
197,93.8,64.4,138.243,52.6,27.2
197,98.4,66.9,138.511,49.9,27.2
197,100.9,68.2,138.646,50.8,26.9
197,106.4,71.0,138.914,49.6,24.8
197,112.7,74.5,139.183,54.1,26.8
197,116.0,76.0,139.317,47.3,25.4
197,119.7,77.8,139.452,49.6,25.4
197,123.7,79.7,139.586,50.8,25.7
197,127.9,81.9,139.72,53.5,27.4
197,149.0,93.2,140.258,52.8,27.3
197,155.5,96.4,140.392,52.8,26.7
197,162.7,100.1,140.526,54.0,27.2
197,170.6,104.1,140.661,52.5,26.6
197,179.0,108.6,140.795,54.1,28.4
197,188.4,113.7,140.929,54.0,28.4
197,199.2,119.3,141.064,53.6,27.4
197,211.0,125.8,141.198,54.0,28.7
197,224.8,133.0,141.332,53.3,27.6
197,240.3,141.3,141.467,52.8,28.1
200,104.3,63.9,137.839,50.8,27.0
200,106.6,64.9,137.974,48.2,23.8
200,109.4,66.0,138.108,46.9,20.1
200,117.6,69.9,138.511,48.9,23.7
200,126.9,73.5,138.914,45.5,23.0
200,130.5,74.9,139.049,45.6,22.2
200,137.9,78.4,139.317,44.8,21.0
200,142.5,80.2,139.452,45.2,20.6
200,151.3,84.1,139.72,51.0,25.3
200,156.4,86.5,139.855,50.5,25.1
200,161.8,89.0,139.989,50.7,25.2
200,167.6,91.6,140.123,47.0,23.6
200,173.9,94.3,140.258,47.0,23.6
200,180.8,97.3,140.392,47.8,23.4
200,188.2,101.0,140.526,52.3,26.2
200,196.6,104.9,140.661,51.4,25.2
200,205.5,109.0,140.795,48.5,24.5
200,215.5,113.4,140.929,47.7,23.7
200,226.4,118.3,141.064,48.7,24.5
200,238.2,123.7,141.198,46.8,24.4
200,251.9,130.0,141.332,49.5,24.9
200,266.8,136.8,141.467,47.2,24.5
200,283.5,144.5,141.601,47.1,24.7
201,83.7,54.5,138.914,48.7,19.9
201,85.1,55.1,139.049,48.1,22.8
201,90.2,57.6,139.452,47.1,20.9
201,93.9,59.0,139.72,53.4,24.9
201,96.1,59.9,139.855,51.8,21.4
201,102.6,62.9,140.258,52.4,23.0
201,105.3,64.0,140.392,53.8,22.2
201,107.7,65.0,140.526,49.9,23.4
201,116.7,69.0,140.929,54.1,22.8
201,120.0,70.4,141.064,54.5,23.4
201,123.6,71.8,141.198,50.1,21.2
201,131.4,75.2,141.467,53.1,22.9
201,135.7,76.9,141.601,50.1,21.7
201,140.3,78.8,141.736,50.9,21.9
201,150.5,83.4,142.004,52.2,22.3
201,206.5,108.9,142.945,53.9,24.2
201,261.2,134.1,143.482,53.9,24.7
201,279.5,142.8,143.616,54.8,25.4
204,122.3,64.9,140.392,51.7,19.5
204,125.4,65.9,140.526,45.9,17.5
204,135.4,70.2,140.929,53.9,21.4
204,148.4,75.3,141.332,48.6,18.6
204,153.0,76.9,141.467,46.5,18.9
204,157.8,78.6,141.601,49.6,19.9
204,163.0,80.6,141.736,52.5,21.0
204,181.8,88.7,142.139,51.2,20.2
204,189.3,91.4,142.273,51.5,20.2
204,241.8,113.3,142.945,53.3,21.5
204,255.0,118.7,143.079,53.3,22.2
207,102.8,59.5,144.154,46.8,17.5
207,114.0,63.6,144.691,47.2,19.6
207,116.7,64.7,144.825,54.5,22.6
207,119.6,65.7,144.96,47.4,19.4
207,125.4,68.6,145.229,54.7,22.9
207,128.5,69.8,145.363,45.1,20.4
207,135.7,72.7,145.632,46.6,19.7
207,147.8,78.0,146.035,48.7,21.2
207,157.0,82.2,146.303,50.0,23.4
207,162.4,84.4,146.438,50.4,21.6
207,173.8,89.9,146.706,52.1,25.1
207,180.2,92.8,146.841,52.6,24.6
207,187.1,95.9,146.975,51.8,24.5
207,194.7,99.4,147.109,52.4,24.6
207,211.7,107.2,147.378,45.6,22.0
207,232.6,117.7,147.647,51.0,25.5
207,244.3,123.2,147.781,48.5,25.1
207,257.6,129.3,147.915,48.6,24.9
207,272.2,136.6,148.05,50.4,26.5
207,288.2,145.0,148.184,50.6,27.8
207,306.3,154.6,148.318,49.5,27.8
207,326.1,165.6,148.453,48.4,29.0
207,350.4,178.3,148.587,47.8,27.7
207,439.8,183.5,149.931,44.7,22.7
210,82.9,53.8,145.766,48.2,17.0
210,86.1,55.3,146.035,48.3,21.2
210,87.6,56.0,146.169,53.0,25.8
210,92.5,58.0,146.572,48.4,22.0
210,102.8,62.8,147.244,48.1,24.1
210,105.3,63.7,147.378,47.9,20.9
210,107.2,64.7,147.512,46.0,26.7
210,110.0,65.8,147.647,51.8,21.6
210,112.9,66.9,147.781,47.7,20.9
210,119.1,69.6,148.05,53.3,22.5
210,122.5,70.9,148.184,47.1,20.7
210,126.0,72.5,148.318,54.1,23.6
210,148.8,82.6,148.99,52.2,22.8
210,159.8,87.4,149.259,49.6,22.6
210,230.0,98.1,151.005,45.4,15.5
210,241.0,101.7,151.14,52.1,17.9
210,337.1,137.1,151.946,54.6,20.3
211,112.3,60.8,147.244,52.6,18.6
211,114.7,61.7,147.378,53.4,21.7
211,119.9,63.9,147.647,50.6,18.9
211,123.0,65.0,147.781,51.9,19.1
211,126.2,66.0,147.915,49.8,18.6
211,136.5,70.0,148.318,51.9,22.1
211,144.5,73.0,148.587,49.0,18.7
211,346.0,167.8,156.514,50.0,133.2
213,71.3,48.7,147.244,51.4,19.5
213,80.8,53.7,148.587,52.7,32.0
213,83.5,55.0,148.856,46.2,19.7
213,96.4,60.8,149.796,52.3,21.3
213,98.4,61.8,149.931,52.3,25.0
213,104.9,65.6,150.334,47.2,34.5
213,118.4,71.7,151.005,46.1,22.8
213,127.9,76.5,151.408,47.3,29.0
213,131.1,78.2,151.543,47.3,27.7
213,139.4,82.5,151.811,51.5,26.8
213,143.1,84.6,151.946,46.7,29.8
213,148.2,87.2,152.08,53.7,26.5
213,153.9,89.6,152.215,48.4,23.5
213,159.4,92.5,152.349,51.7,27.9
213,164.7,95.7,152.483,50.8,30.3
213,170.9,98.9,152.618,48.8,27.6
213,177.9,102.5,152.752,50.0,27.7
213,184.8,106.5,152.886,48.9,29.5
213,191.9,110.9,153.021,49.7,32.2
213,200.9,116.2,153.155,53.3,30.4
213,212.5,121.8,153.289,51.0,25.7
213,224.4,127.8,153.424,48.2,26.5
213,237.5,134.9,153.558,50.6,28.7
213,251.6,142.9,153.692,48.9,29.3
213,267.5,151.9,153.827,48.5,29.7
213,285.6,162.2,153.961,47.4,29.6
213,305.6,174.6,154.095,48.0,31.8
213,329.0,188.5,154.23,45.6,30.7
213,356.2,205.6,154.364,46.2,32.3
216,86.7,51.8,150.602,51.5,19.6
216,89.9,52.8,150.871,45.1,16.7
216,96.2,55.0,151.408,48.2,20.5
216,103.4,57.5,151.946,50.1,18.5
216,122.8,65.7,153.021,48.5,18.3
216,163.1,81.6,154.364,54.2,22.0
216,175.9,94.3,154.901,54.5,28.8
216,190.1,100.8,155.17,49.0,24.5
216,198.5,104.5,155.305,49.7,24.2
216,217.1,113.4,155.573,50.5,25.5
216,228.4,118.7,155.708,50.8,25.0
216,241.1,124.2,155.842,48.4,23.5
216,254.8,130.8,155.976,50.9,25.9
217,79.7,53.9,150.871,50.0,19.7
217,84.8,56.0,151.274,46.2,17.8
217,86.7,56.7,151.408,50.1,20.7
217,90.2,57.8,151.677,44.9,18.5
217,96.0,60.7,152.08,46.9,22.4
217,99.9,62.0,152.349,44.6,23.8
217,102.5,62.9,152.483,45.4,18.5
217,105.0,63.9,152.618,50.0,21.8
218,90.7,53.2,152.483,50.1,19.4
218,97.1,55.8,153.021,53.1,23.1
218,100.1,57.0,153.289,51.1,28.2
218,102.1,57.7,153.424,49.4,19.2
218,109.0,60.0,153.827,53.6,21.9
218,111.2,60.9,153.961,52.2,21.6
218,116.1,62.9,154.23,52.5,21.2
218,121.6,64.8,154.498,50.5,19.8
218,141.3,72.6,155.305,54.0,20.6
218,145.4,74.1,155.439,48.4,19.7
218,150.2,75.8,155.573,51.8,18.9
218,160.1,79.8,155.842,53.2,21.6
218,165.2,81.7,155.976,48.8,20.4
218,170.7,83.8,156.111,49.5,20.8
218,191.5,92.2,156.514,53.9,21.4
218,199.5,95.4,156.648,53.6,21.5
218,227.0,106.9,157.051,50.6,23.0
218,267.5,123.0,157.454,52.9,21.6
218,283.6,129.8,157.588,54.3,22.9
220,78.4,51.6,153.558,50.2,18.5
220,89.1,56.0,154.498,48.4,23.1
220,92.6,57.5,154.767,49.6,19.8
220,100.2,60.8,155.305,53.2,21.9
220,122.4,69.8,156.379,46.6,19.4
220,129.3,72.8,156.648,48.9,21.6
220,151.8,82.5,157.32,45.9,19.2
220,162.9,87.9,157.588,54.5,25.1
220,184.1,97.2,157.991,50.5,22.2
220,192.5,100.8,158.126,53.1,23.6
220,201.7,104.9,158.26,53.1,23.6
220,251.0,128.3,158.798,46.2,24.9
220,266.3,135.3,158.932,50.2,24.8
220,283.7,143.6,159.066,51.3,25.4
220,304.0,153.0,159.201,50.7,24.9
222,432.6,112.7,159.066,45.6,193.5
222,414.7,108.4,159.201,52.7,193.6
222,329.6,87.9,160.007,53.5,192.6
226,118.6,71.0,166.321,51.7,13.2
226,129.9,75.5,166.724,53.7,23.5
226,137.7,78.7,166.993,48.2,25.1
226,141.9,80.7,167.127,51.3,25.4
226,157.4,87.5,167.53,52.9,22.2
226,164.3,90.2,167.664,52.3,21.2
226,170.8,93.1,167.799,50.2,23.7
226,177.7,96.2,167.933,51.2,24.3
226,185.3,99.3,168.067,47.0,22.4
226,192.9,103.0,168.202,51.0,26.2
226,201.6,107.0,168.336,49.5,24.5
226,212.3,111.7,168.47,52.9,23.6
226,210.0,116.6,168.605,52.7,114.8
226,215.3,122.3,168.739,49.9,47.0
226,268.0,154.7,169.277,51.2,30.4
226,288.9,165.6,169.411,48.7,27.6
226,382.1,215.1,170.083,49.4,30.3
228,93.9,56.4,167.53,50.5,23.5
228,101.3,59.8,168.067,51.8,21.9
228,110.6,62.2,168.739,49.5,333.1
228,120.8,66.5,169.277,53.3,23.5
229,143.9,76.4,170.217,48.6,22.4
229,152.1,80.2,170.486,50.2,24.5
229,157.2,82.1,170.62,46.4,20.3
229,166.3,87.0,170.889,53.8,28.1
229,184.3,94.8,171.292,47.5,23.4
229,225.3,114.5,171.963,50.3,25.7
229,347.0,157.8,174.65,47.3,24.3
229,397.2,179.9,174.919,46.9,24.5
229,430.4,193.9,175.053,44.8,23.0
232,68.8,45.3,171.292,46.4,21.3
232,71.2,46.2,171.56,49.7,15.7
232,87.5,52.1,173.441,47.1,18.1
232,101.8,57.9,174.65,51.5,21.3
232,107.8,59.8,175.053,45.4,23.3
232,109.8,60.7,175.188,49.5,22.2
232,112.3,61.6,175.322,54.5,20.9
232,114.8,62.5,175.456,47.4,19.5
232,117.1,63.5,175.591,51.6,23.8
232,122.2,65.7,175.86,47.4,22.7
232,125.1,66.9,175.994,53.1,22.4
232,128.2,68.0,176.128,46.2,19.5
232,131.4,69.2,176.263,46.9,20.0
232,134.7,70.5,176.397,48.9,21.5
232,138.2,71.8,176.531,45.1,19.4
232,146.2,74.9,176.8,45.5,18.4
232,155.1,78.1,177.069,53.7,22.1
232,159.9,80.2,177.203,54.2,22.6
232,185.9,91.0,177.74,51.6,21.4
232,193.1,94.1,177.875,53.7,23.2
232,209.6,101.1,178.143,50.3,22.1
232,218.8,104.7,178.278,48.5,21.5
232,229.0,109.2,178.412,53.5,23.7
232,240.1,113.8,178.546,50.4,22.6
232,252.6,118.9,178.681,49.7,22.2
232,266.3,124.7,178.815,51.0,23.1
232,281.7,131.9,178.949,54.2,25.0
232,299.1,139.3,179.084,50.0,23.1
232,318.0,147.6,179.218,48.3,23.7
232,339.6,156.8,179.353,47.1,23.1
232,364.4,168.0,179.487,48.7,24.4
232,392.5,181.1,179.621,47.8,24.9
232,422.9,208.2,179.89,46.2,31.9
233,69.5,52.2,169.545,46.0,28.6
233,70.7,52.8,169.68,51.9,24.6
233,74.5,54.5,170.083,47.2,27.9
233,76.1,55.1,170.217,46.0,19.4
233,80.0,57.1,170.62,47.9,24.4
233,81.3,57.9,170.754,53.4,31.6
233,91.1,62.9,171.56,49.3,26.7
233,93.1,64.0,171.695,52.5,28.0
233,102.1,68.1,172.232,48.2,23.9
233,107.1,71.0,172.501,46.2,27.1
233,113.0,73.8,172.77,51.3,27.7
233,126.5,80.6,173.307,47.2,26.6
233,130.8,82.8,173.441,52.5,27.2
233,140.2,87.9,173.71,53.0,27.3
233,144.6,90.5,173.844,47.4,29.9
233,150.0,93.5,173.979,51.7,29.0
233,155.7,96.5,174.113,48.5,27.8
233,162.1,100.0,174.247,51.2,28.8
233,169.3,103.9,174.382,51.8,28.6
234,87.1,51.8,169.814,51.4,16.2
234,100.5,57.1,171.023,51.8,26.7
234,102.6,57.9,171.157,54.3,21.2
234,113.1,62.0,171.829,49.8,21.4
234,120.6,64.1,172.232,48.8,16.9
234,165.1,81.6,175.053,45.4,19.7
234,169.7,83.8,175.188,50.6,25.0
235,122.7,60.9,170.62,47.8,15.3
235,128.6,62.9,170.889,48.4,17.0
235,134.7,65.0,171.157,48.8,17.9
235,138.4,66.0,171.292,50.1,16.0
235,149.5,69.8,171.695,54.5,18.8
235,153.6,71.1,171.829,47.6,17.1
235,167.5,76.0,172.232,48.2,18.1
235,172.8,77.7,172.367,52.3,18.5
235,178.5,79.7,172.501,53.8,19.2
235,184.5,81.7,172.635,52.8,18.6
235,223.2,95.5,173.307,54.8,19.6
235,244.1,103.1,173.576,54.8,19.5
235,255.8,107.1,173.71,51.4,18.9
235,310.4,126.4,174.785,48.0,20.2
237,111.9,61.4,173.038,49.2,19.3
237,114.3,62.2,173.173,46.4,19.1
237,119.5,64.0,173.441,47.9,21.3
237,122.0,65.1,173.576,51.4,22.5
237,124.9,66.1,173.71,45.8,19.5
237,146.0,74.7,174.516,53.5,22.5
239,98.6,59.3,177.203,46.8,24.4
239,103.4,60.8,177.472,45.0,17.4
239,118.6,68.7,178.412,48.4,21.8
239,121.7,70.0,178.546,48.7,22.2
239,135.2,76.2,179.084,47.1,26.1
239,139.2,77.8,179.218,46.7,22.2
239,143.5,79.7,179.353,50.5,24.0
239,148.0,81.7,179.487,49.0,23.6
239,159.1,86.5,179.756,51.6,23.0
239,163.9,89.2,179.89,53.7,29.6
